organisme_siret,organisme_raison,orgatype_id
49573343174126,RACLETTE & CO,1
18972948872548,TENDERS FORMATION FRANCE,3
81039915742549,INSTITUT SUPERIEURE DE LA RACLETTE,3
91709245161275,FEDERATION CULINAIRE FROMAGERE,2
34343978457843,TENDERS & TRADITIONS,1
29267099812654,SOCIETE FRANCAISE DU POULET FRIT,1
77784108501264,FROMAGERIE DES HAUTS PLATEAUX,1
47824861065134,MAISON DU FROMAGE ET DU TENDER,3
11367072392341,TENRAC CAPITAL MANAGEMENT,1
94514775215649,VOLAILLE & PERFORMANCE LOGISTICS,1
70117132427816,COMPAGNIE GENERALE DE LA RACLETTE,1
19325770722439,SYNDICAT NATIONAL DES AFFINEURS DE MONTAGNE,2
46088520694523,EUROPEAN TENDERS DEVELOPPEMENT,1
65141608307812,AGENCE NATIONALE POUR LE TENRAC,2
